<?xml version="1.0" encoding="UTF-8"?>

<Map> 
	 <Row>
	    <Tile x="0" y="0" value="0" position="0"/>
	    <Tile x="0" y="1" value="0" position="0"/>
	    <Tile x="0" y="2" value="0" position="0"/>
	    <Tile x="0" y="3" value="0" position="0"/>
	    <Tile x="0" y="4" value="0" position="0"/>
	    <Tile x="0" y="5" value="0" position="0"/>
	    <Tile x="0" y="6" value="0" position="0"/>
	    <Tile x="0" y="7" value="0" position="0"/>
	    <Tile x="0" y="8" value="0" position="0"/>
	    <Tile x="0" y="9" value="0" position="0"/>
	    <Tile x="0" y="10" value="0" position="0"/>
	    <Tile x="0" y="11" value="0" position="0"/>
	    <Tile x="0" y="12" value="0" position="0"/>
	    <Tile x="0" y="13" value="0" position="0"/>
	    <Tile x="0" y="14" value="0" position="0"/>
	    <Tile x="0" y="15" value="0" position="0"/>
	    <Tile x="0" y="16" value="0" position="0"/>
	    <Tile x="0" y="17" value="0" position="0"/>
    </Row>
    
    <Row>
	    <Tile x="1" y="0" value="0" position="0"/>
	    <Tile x="1" y="1" value="0" position="0"/>
	    <Tile x="1" y="2" value="0" position="0"/>
	    <Tile x="1" y="3" value="0" position="0"/>
	    <Tile x="1" y="4" value="0" position="0"/>
	    <Tile x="1" y="5" value="0" position="0"/>
	    <Tile x="1" y="6" value="0" position="0"/>
	    <Tile x="1" y="7" value="0" position="0"/>
	    <Tile x="1" y="8" value="0" position="0"/>
	    <Tile x="1" y="9" value="0" position="0"/>
	    <Tile x="1" y="10" value="0" position="0"/>
	    <Tile x="1" y="11" value="0" position="0"/>
	    <Tile x="1" y="12" value="0" position="0"/>
	    <Tile x="1" y="13" value="0" position="0"/>
	    <Tile x="1" y="14" value="0" position="0"/>
	    <Tile x="1" y="15" value="0" position="0"/>
	    <Tile x="1" y="16" value="0" position="0"/>
	    <Tile x="1" y="17" value="0" position="0"/>
    </Row>
    
   <Row>
	    <Tile x="2" y="0" value="0" position="0"/>
	    <Tile x="2" y="1" value="0" position="0"/>
	    <Tile x="2" y="2" value="0" position="0"/>
	    <Tile x="2" y="3" value="0" position="0"/>
	    <Tile x="2" y="4" value="0" position="0"/>
	    <Tile x="2" y="5" value="0" position="0"/>
	    <Tile x="2" y="6" value="0" position="0"/>
	    <Tile x="2" y="7" value="0" position="0"/>
	    <Tile x="2" y="8" value="0" position="0"/>
	    <Tile x="2" y="9" value="0" position="0"/>
	    <Tile x="2" y="10" value="0" position="0"/>
	    <Tile x="2" y="11" value="0" position="0"/>
	    <Tile x="2" y="12" value="0" position="0"/>
	    <Tile x="2" y="13" value="0" position="0"/>
	    <Tile x="2" y="14" value="0" position="0"/>
	    <Tile x="2" y="15" value="0" position="0"/>
	    <Tile x="2" y="16" value="0" position="0"/>
	    <Tile x="2" y="17" value="0" position="0"/>
    </Row>
    
	<Row>
	    <Tile x="3" y="0" value="0" position="0"/>
	    <Tile x="3" y="1" value="0" position="0"/>
	    <Tile x="3" y="2" value="0" position="0"/>
	    <Tile x="3" y="3" value="0" position="0"/>
	    <Tile x="3" y="4" value="0" position="0"/>
	    <Tile x="3" y="5" value="0" position="0"/>
	    <Tile x="3" y="6" value="0" position="0"/>
	    <Tile x="3" y="7" value="0" position="0"/>
	    <Tile x="3" y="8" value="0" position="0"/>
	    <Tile x="3" y="9" value="0" position="0"/>
	    <Tile x="3" y="10" value="0" position="0"/>
	    <Tile x="3" y="11" value="0" position="0"/>
	    <Tile x="3" y="12" value="0" position="0"/>
	    <Tile x="3" y="13" value="0" position="0"/>
	    <Tile x="3" y="14" value="0" position="0"/>
	    <Tile x="3" y="15" value="0" position="0"/>
	    <Tile x="3" y="16" value="0" position="0"/>
	    <Tile x="3" y="17" value="0" position="0"/>
    </Row>
    
    <Row>
	    <Tile x="4" y="0" value="0" position="0"/>
	    <Tile x="4" y="1" value="0" position="0"/>
	    <Tile x="4" y="2" value="0" position="0"/>
	    <Tile x="4" y="3" value="0" position="0"/>
	    <Tile x="4" y="4" value="0" position="0"/>
	    <Tile x="4" y="5" value="0" position="0"/>
	    <Tile x="4" y="6" value="0" position="0"/>
	    <Tile x="4" y="7" value="0" position="0"/>
	    <Tile x="4" y="8" value="0" position="0"/>
	    <Tile x="4" y="9" value="0" position="0"/>
	    <Tile x="4" y="10" value="0" position="0"/>
	    <Tile x="4" y="11" value="0" position="0"/>
	    <Tile x="4" y="12" value="0" position="0"/>
	    <Tile x="4" y="13" value="0" position="0"/>
	    <Tile x="4" y="14" value="0" position="0"/>
	    <Tile x="4" y="15" value="0" position="0"/>
	    <Tile x="4" y="16" value="0" position="0"/>
	    <Tile x="4" y="17" value="0" position="0"/>
    </Row>
    
    <Row>
	    <Tile x="5" y="0" value="0" position="0"/>
	    <Tile x="5" y="1" value="0" position="0"/>
	    <Tile x="5" y="2" value="0" position="0"/>
	    <Tile x="5" y="3" value="0" position="0"/>
	    <Tile x="5" y="4" value="0" position="0"/>
	    <Tile x="5" y="5" value="0" position="0"/>
	    <Tile x="5" y="6" value="0" position="0"/>
	    <Tile x="5" y="7" value="0" position="0"/>
	    <Tile x="5" y="8" value="0" position="0"/>
	    <Tile x="5" y="9" value="0" position="0"/>
	    <Tile x="5" y="10" value="0" position="0"/>
	    <Tile x="5" y="11" value="0" position="0"/>
	    <Tile x="5" y="12" value="0" position="0"/>
	    <Tile x="5" y="13" value="0" position="0"/>
	    <Tile x="5" y="14" value="0" position="0"/>
	    <Tile x="5" y="15" value="0" position="0"/>
	    <Tile x="5" y="16" value="0" position="0"/>
	    <Tile x="5" y="17" value="0" position="0"/>
    </Row>
    
 	<Row>
	    <Tile x="6" y="0" value="0" position="0"/>
	    <Tile x="6" y="1" value="0" position="0"/>
	    <Tile x="6" y="2" value="0" position="0"/>
	    <Tile x="6" y="3" value="0" position="0"/>
	    <Tile x="6" y="4" value="0" position="0"/>
	    <Tile x="6" y="5" value="0" position="0"/>
	    <Tile x="6" y="6" value="0" position="0"/>
	    <Tile x="6" y="7" value="0" position="0"/>
	    <Tile x="6" y="8" value="0" position="0"/>
	    <Tile x="6" y="9" value="0" position="0"/>
	    <Tile x="6" y="10" value="0" position="0"/>
	    <Tile x="6" y="11" value="0" position="0"/>
	    <Tile x="6" y="12" value="0" position="0"/>
	    <Tile x="6" y="13" value="0" position="0"/>
	    <Tile x="6" y="14" value="0" position="0"/>
	    <Tile x="6" y="15" value="0" position="0"/>
	    <Tile x="6" y="16" value="0" position="0"/>
	    <Tile x="6" y="17" value="0" position="0"/>
    </Row>
    
 	<Row>
	    <Tile x="7" y="0" value="0" position="0"/>
	    <Tile x="7" y="1" value="0" position="0"/>
	    <Tile x="7" y="2" value="0" position="0"/>
	    <Tile x="7" y="3" value="0" position="0"/>
	    <Tile x="7" y="4" value="0" position="0"/>
	    <Tile x="7" y="5" value="0" position="0"/>
	    <Tile x="7" y="6" value="0" position="0"/>
	    <Tile x="7" y="7" value="0" position="0"/>
	    <Tile x="7" y="8" value="0" position="0"/>
	    <Tile x="7" y="9" value="0" position="0"/>
	    <Tile x="7" y="10" value="0" position="0"/>
	    <Tile x="7" y="11" value="0" position="0"/>
	    <Tile x="7" y="12" value="0" position="0"/>
	    <Tile x="7" y="13" value="0" position="0"/>
	    <Tile x="7" y="14" value="0" position="0"/>
	    <Tile x="7" y="15" value="0" position="0"/>
	    <Tile x="7" y="16" value="0" position="0"/>
	    <Tile x="7" y="17" value="0" position="0"/>
    </Row>
    
	 <Row>
	    <Tile x="8" y="0" value="0" position="0"/>
	    <Tile x="8" y="1" value="0" position="0"/>
	    <Tile x="8" y="2" value="0" position="0"/>
	    <Tile x="8" y="3" value="0" position="0"/>
	    <Tile x="8" y="4" value="0" position="0"/>
	    <Tile x="8" y="5" value="0" position="0"/>
	    <Tile x="8" y="6" value="0" position="0"/>
	    <Tile x="8" y="7" value="0" position="0"/>
	    <Tile x="8" y="8" value="0" position="0"/>
	    <Tile x="8" y="9" value="0" position="0"/>
	    <Tile x="8" y="10" value="0" position="0"/>
	    <Tile x="8" y="11" value="0" position="0"/>
	    <Tile x="8" y="12" value="0" position="0"/>
	    <Tile x="8" y="13" value="0" position="0"/>
	    <Tile x="8" y="14" value="0" position="0"/>
	    <Tile x="8" y="15" value="0" position="0"/>
	    <Tile x="8" y="16" value="0" position="0"/>
	    <Tile x="8" y="17" value="0" position="0"/>
    </Row>
    
	 <Row>
	    <Tile x="9" y="0" value="0" position="0"/>
	    <Tile x="9" y="1" value="0" position="0"/>
	    <Tile x="9" y="2" value="0" position="0"/>
	    <Tile x="9" y="3" value="0" position="0"/>
	    <Tile x="9" y="4" value="0" position="0"/>
	    <Tile x="9" y="5" value="0" position="0"/>
	    <Tile x="9" y="6" value="0" position="0"/>
	    <Tile x="9" y="7" value="0" position="0"/>
	    <Tile x="9" y="8" value="0" position="0"/>
	    <Tile x="9" y="9" value="0" position="0"/>
	    <Tile x="9" y="10" value="0" position="0"/>
	    <Tile x="9" y="11" value="0" position="0"/>
	    <Tile x="9" y="12" value="0" position="0"/>
	    <Tile x="9" y="13" value="0" position="0"/>
	    <Tile x="9" y="14" value="0" position="0"/>
	    <Tile x="9" y="15" value="0" position="0"/>
	    <Tile x="9" y="16" value="0" position="0"/>
	    <Tile x="9" y="17" value="0" position="0"/>
    </Row>
 
</Map>