<?xml version="1.0" encoding="UTF-8" standalone="no"?><Map><Row><Tile position="0" value="0" x="0" y="0"/><Tile position="0" value="0" x="0" y="1"/><Tile position="0" value="0" x="0" y="2"/><Tile position="0" value="0" x="0" y="3"/><Tile position="0" value="0" x="0" y="4"/><Tile position="0" value="0" x="0" y="5"/><Tile position="0" value="0" x="0" y="6"/><Tile position="0" value="0" x="0" y="7"/><Tile position="0" value="0" x="0" y="8"/><Tile position="0" value="0" x="0" y="9"/><Tile position="0" value="0" x="0" y="10"/><Tile position="0" value="0" x="0" y="11"/><Tile position="0" value="0" x="0" y="12"/><Tile position="0" value="0" x="0" y="13"/><Tile position="0" value="0" x="0" y="14"/><Tile position="0" value="0" x="0" y="15"/><Tile position="0" value="0" x="0" y="16"/><Tile position="0" value="0" x="0" y="17"/></Row><Row><Tile position="0" value="1" x="1" y="0"/><Tile position="3" value="3" x="1" y="1"/><Tile position="4" value="3" x="1" y="2"/><Tile position="5" value="3" x="1" y="3"/><Tile position="6" value="3" x="1" y="4"/><Tile position="7" value="3" x="1" y="5"/><Tile position="8" value="3" x="1" y="6"/><Tile position="0" value="0" x="1" y="7"/><Tile position="0" value="0" x="1" y="8"/><Tile position="0" value="0" x="1" y="9"/><Tile position="0" value="0" x="1" y="10"/><Tile position="0" value="0" x="1" y="11"/><Tile position="0" value="0" x="1" y="12"/><Tile position="0" value="0" x="1" y="13"/><Tile position="0" value="0" x="1" y="14"/><Tile position="0" value="0" x="1" y="15"/><Tile position="0" value="0" x="1" y="16"/><Tile position="0" value="0" x="1" y="17"/></Row><Row><Tile position="0" value="0" x="2" y="0"/><Tile position="0" value="0" x="2" y="1"/><Tile position="0" value="0" x="2" y="2"/><Tile position="0" value="0" x="2" y="3"/><Tile position="0" value="0" x="2" y="4"/><Tile position="0" value="0" x="2" y="5"/><Tile position="9" value="3" x="2" y="6"/><Tile position="0" value="0" x="2" y="7"/><Tile position="0" value="0" x="2" y="8"/><Tile position="0" value="0" x="2" y="9"/><Tile position="0" value="0" x="2" y="10"/><Tile position="0" value="0" x="2" y="11"/><Tile position="0" value="0" x="2" y="12"/><Tile position="0" value="0" x="2" y="13"/><Tile position="0" value="0" x="2" y="14"/><Tile position="0" value="0" x="2" y="15"/><Tile position="0" value="0" x="2" y="16"/><Tile position="0" value="0" x="2" y="17"/></Row><Row><Tile position="0" value="0" x="3" y="0"/><Tile position="0" value="0" x="3" y="1"/><Tile position="0" value="0" x="3" y="2"/><Tile position="0" value="0" x="3" y="3"/><Tile position="0" value="0" x="3" y="4"/><Tile position="0" value="0" x="3" y="5"/><Tile position="10" value="3" x="3" y="6"/><Tile position="0" value="0" x="3" y="7"/><Tile position="0" value="0" x="3" y="8"/><Tile position="0" value="0" x="3" y="9"/><Tile position="0" value="0" x="3" y="10"/><Tile position="0" value="0" x="3" y="11"/><Tile position="0" value="0" x="3" y="12"/><Tile position="0" value="0" x="3" y="13"/><Tile position="0" value="0" x="3" y="14"/><Tile position="0" value="0" x="3" y="15"/><Tile position="0" value="0" x="3" y="16"/><Tile position="0" value="0" x="3" y="17"/></Row><Row><Tile position="0" value="0" x="4" y="0"/><Tile position="0" value="0" x="4" y="1"/><Tile position="0" value="0" x="4" y="2"/><Tile position="0" value="0" x="4" y="3"/><Tile position="0" value="0" x="4" y="4"/><Tile position="0" value="0" x="4" y="5"/><Tile position="11" value="3" x="4" y="6"/><Tile position="12" value="3" x="4" y="7"/><Tile position="13" value="3" x="4" y="8"/><Tile position="21" value="3" x="4" y="9"/><Tile position="0" value="0" x="4" y="10"/><Tile position="0" value="0" x="4" y="11"/><Tile position="0" value="0" x="4" y="12"/><Tile position="0" value="0" x="4" y="13"/><Tile position="0" value="0" x="4" y="14"/><Tile position="0" value="0" x="4" y="15"/><Tile position="0" value="0" x="4" y="16"/><Tile position="0" value="0" x="4" y="17"/></Row><Row><Tile position="0" value="0" x="5" y="0"/><Tile position="0" value="0" x="5" y="1"/><Tile position="0" value="0" x="5" y="2"/><Tile position="0" value="0" x="5" y="3"/><Tile position="0" value="0" x="5" y="4"/><Tile position="0" value="0" x="5" y="5"/><Tile position="0" value="0" x="5" y="6"/><Tile position="0" value="0" x="5" y="7"/><Tile position="0" value="0" x="5" y="8"/><Tile position="22" value="3" x="5" y="9"/><Tile position="23" value="3" x="5" y="10"/><Tile position="0" value="0" x="5" y="11"/><Tile position="0" value="0" x="5" y="12"/><Tile position="0" value="0" x="5" y="13"/><Tile position="0" value="0" x="5" y="14"/><Tile position="0" value="0" x="5" y="15"/><Tile position="0" value="0" x="5" y="16"/><Tile position="0" value="0" x="5" y="17"/></Row><Row><Tile position="0" value="0" x="6" y="0"/><Tile position="0" value="0" x="6" y="1"/><Tile position="0" value="0" x="6" y="2"/><Tile position="0" value="0" x="6" y="3"/><Tile position="0" value="0" x="6" y="4"/><Tile position="0" value="0" x="6" y="5"/><Tile position="0" value="0" x="6" y="6"/><Tile position="0" value="0" x="6" y="7"/><Tile position="0" value="0" x="6" y="8"/><Tile position="16" value="0" x="6" y="9"/><Tile position="24" value="3" x="6" y="10"/><Tile position="0" value="0" x="6" y="11"/><Tile position="0" value="0" x="6" y="12"/><Tile position="0" value="0" x="6" y="13"/><Tile position="0" value="0" x="6" y="14"/><Tile position="0" value="0" x="6" y="15"/><Tile position="0" value="0" x="6" y="16"/><Tile position="0" value="0" x="6" y="17"/></Row><Row><Tile position="0" value="0" x="7" y="0"/><Tile position="0" value="0" x="7" y="1"/><Tile position="0" value="0" x="7" y="2"/><Tile position="0" value="0" x="7" y="3"/><Tile position="0" value="0" x="7" y="4"/><Tile position="0" value="0" x="7" y="5"/><Tile position="0" value="0" x="7" y="6"/><Tile position="0" value="0" x="7" y="7"/><Tile position="0" value="0" x="7" y="8"/><Tile position="17" value="0" x="7" y="9"/><Tile position="25" value="3" x="7" y="10"/><Tile position="0" value="0" x="7" y="11"/><Tile position="0" value="0" x="7" y="12"/><Tile position="0" value="0" x="7" y="13"/><Tile position="0" value="0" x="7" y="14"/><Tile position="0" value="0" x="7" y="15"/><Tile position="0" value="0" x="7" y="16"/><Tile position="0" value="0" x="7" y="17"/></Row><Row><Tile position="0" value="0" x="8" y="0"/><Tile position="0" value="0" x="8" y="1"/><Tile position="0" value="0" x="8" y="2"/><Tile position="0" value="0" x="8" y="3"/><Tile position="0" value="0" x="8" y="4"/><Tile position="0" value="0" x="8" y="5"/><Tile position="0" value="0" x="8" y="6"/><Tile position="0" value="0" x="8" y="7"/><Tile position="0" value="0" x="8" y="8"/><Tile position="0" value="0" x="8" y="9"/><Tile position="26" value="3" x="8" y="10"/><Tile position="20" value="0" x="8" y="11"/><Tile position="0" value="0" x="8" y="12"/><Tile position="0" value="0" x="8" y="13"/><Tile position="0" value="0" x="8" y="14"/><Tile position="0" value="0" x="8" y="15"/><Tile position="0" value="0" x="8" y="16"/><Tile position="0" value="0" x="8" y="17"/></Row><Row><Tile position="0" value="0" x="9" y="0"/><Tile position="0" value="0" x="9" y="1"/><Tile position="0" value="0" x="9" y="2"/><Tile position="0" value="0" x="9" y="3"/><Tile position="0" value="0" x="9" y="4"/><Tile position="0" value="0" x="9" y="5"/><Tile position="0" value="0" x="9" y="6"/><Tile position="0" value="0" x="9" y="7"/><Tile position="0" value="0" x="9" y="8"/><Tile position="0" value="0" x="9" y="9"/><Tile position="0" value="2" x="9" y="10"/><Tile position="0" value="0" x="9" y="11"/><Tile position="0" value="0" x="9" y="12"/><Tile position="0" value="0" x="9" y="13"/><Tile position="0" value="0" x="9" y="14"/><Tile position="0" value="0" x="9" y="15"/><Tile position="0" value="0" x="9" y="16"/><Tile position="0" value="0" x="9" y="17"/></Row></Map>