<?xml version="1.0" encoding="UTF-8" standalone="no"?><Map><Row><Tile value="0" x="0" y="0"/><Tile value="0" x="0" y="1"/><Tile value="0" x="0" y="2"/><Tile value="0" x="0" y="3"/><Tile value="0" x="0" y="4"/><Tile value="0" x="0" y="5"/><Tile value="0" x="0" y="6"/><Tile value="0" x="0" y="7"/><Tile value="0" x="0" y="8"/><Tile value="0" x="0" y="9"/></Row><Row><Tile value="0" x="1" y="0"/><Tile value="0" x="1" y="1"/><Tile value="0" x="1" y="2"/><Tile value="0" x="1" y="3"/><Tile value="0" x="1" y="4"/><Tile value="0" x="1" y="5"/><Tile value="0" x="1" y="6"/><Tile value="0" x="1" y="7"/><Tile value="0" x="1" y="8"/><Tile value="0" x="1" y="9"/></Row><Row><Tile value="1" x="2" y="0"/><Tile value="3" x="2" y="1"/><Tile value="3" x="2" y="2"/><Tile value="3" x="2" y="3"/><Tile value="3" x="2" y="4"/><Tile value="0" x="2" y="5"/><Tile value="0" x="2" y="6"/><Tile value="0" x="2" y="7"/><Tile value="0" x="2" y="8"/><Tile value="0" x="2" y="9"/></Row><Row><Tile value="0" x="3" y="0"/><Tile value="0" x="3" y="1"/><Tile value="0" x="3" y="2"/><Tile value="0" x="3" y="3"/><Tile value="3" x="3" y="4"/><Tile value="0" x="3" y="5"/><Tile value="0" x="3" y="6"/><Tile value="0" x="3" y="7"/><Tile value="0" x="3" y="8"/><Tile value="0" x="3" y="9"/></Row><Row><Tile value="0" x="4" y="0"/><Tile value="0" x="4" y="1"/><Tile value="0" x="4" y="2"/><Tile value="0" x="4" y="3"/><Tile value="3" x="4" y="4"/><Tile value="0" x="4" y="5"/><Tile value="0" x="4" y="6"/><Tile value="0" x="4" y="7"/><Tile value="0" x="4" y="8"/><Tile value="0" x="4" y="9"/></Row><Row><Tile value="0" x="5" y="0"/><Tile value="0" x="5" y="1"/><Tile value="0" x="5" y="2"/><Tile value="0" x="5" y="3"/><Tile value="3" x="5" y="4"/><Tile value="0" x="5" y="5"/><Tile value="0" x="5" y="6"/><Tile value="0" x="5" y="7"/><Tile value="0" x="5" y="8"/><Tile value="0" x="5" y="9"/></Row><Row><Tile value="0" x="6" y="0"/><Tile value="0" x="6" y="1"/><Tile value="0" x="6" y="2"/><Tile value="0" x="6" y="3"/><Tile value="3" x="6" y="4"/><Tile value="0" x="6" y="5"/><Tile value="0" x="6" y="6"/><Tile value="0" x="6" y="7"/><Tile value="0" x="6" y="8"/><Tile value="0" x="6" y="9"/></Row><Row><Tile value="0" x="7" y="0"/><Tile value="0" x="7" y="1"/><Tile value="0" x="7" y="2"/><Tile value="0" x="7" y="3"/><Tile value="2" x="7" y="4"/><Tile value="0" x="7" y="5"/><Tile value="0" x="7" y="6"/><Tile value="0" x="7" y="7"/><Tile value="0" x="7" y="8"/><Tile value="0" x="7" y="9"/></Row></Map>